Domain,Phylum,Class,Order,P1_FW,P1_IF,P1_CO,P2_IF,T_FW,T_IF,Pro_PW,Com_PW
Archaea,Halobacteriota,Methanomicrobia,Methanomicrobiales,NR,0.03061,NR,0.01894,NR,NR,NR,NR
Archaea,Halobacteriota,Methanosarcinia,Methanosarcinales,NR,0.12069,NR,0.04835,NR,0.10271,NR,NR
Archaea,Halobacteriota,Methanosarcinia,Methanotrichales,NR,0.00514,NR,0.00384,NR,NR,NR,NR
Archaea,Methanobacteriota,Methanobacteria,Methanobacteriales,NR,0.01047,NR,0.00571,NR,NR,NR,NR
Archaea,Methanobacteriota,Methanopyri,Methanopyrales,NR,0.00123,NR,0.00085,NR,NR,NR,NR
Archaea,Methanobacteriota_A,Methanococci,Methanococcales,NR,0.02557,NR,0.01013,NR,NR,NR,NR
Archaea,Thermoplasmatota,Thermoplasmata,Thermoplasmatales,NR,0.00318,NR,NR,NR,NR,NR,NR
Bacteria,Acidobacteriota,Terriglobia,Bryobacterales,0.06434,0.04638,0.02886,0.03110,0.06645,0.08942,0.04581,0.02668
Bacteria,Acidobacteriota,Terriglobia,Terriglobales,0.07035,0.06491,0.02978,0.04140,0.06815,NR,0.05404,0.03811
Bacteria,Actinomycetota,Actinomycetes,Actinomycetales,NR,0.25532,NR,0.25761,0.22851,NR,0.21395,0.16806
Bacteria,Actinomycetota,Actinomycetes,Mycobacteriales,NR,0.42872,NR,NR,NR,NR,NR,NR
Bacteria,Actinomycetota,Actinomycetes,Propionibacteriales,NR,0.02581,NR,NR,NR,NR,NR,NR
Bacteria,Actinomycetota,Actinomycetes,Streptomycetales,NR,0.01097,NR,NR,0.00699,NR,NR,0.00551
Bacteria,Actinomycetota,Actinomycetes,Streptosporangiales,NR,0.00774,NR,NR,NR,NR,NR,NR
Bacteria,Actinomycetota,Thermoleophilia,Solirubrobacterales,NR,0.01222,NR,NR,NR,NR,NR,NR
Bacteria,Actinomycetota,Unclassified,Unclassified,NR,0.00325,NR,NR,NR,NR,NR,0.00154
Bacteria,Bacillota,Bacilli,Bacillales,NR,0.29395,NR,0.16304,0.39869,NR,0.31126,0.18994
Bacteria,Bacillota,Bacilli,Staphylococcales,NR,0.02828,NR,0.01514,NR,NR,NR,NR
Bacteria,Bacillota_A,Clostridia,Tissierellales,NR,0.01337,NR,0.00658,NR,NR,NR,NR
Bacteria,Bacillota_F,Halanaerobiia,Halanaerobiales,0.04166,0.03012,0.01571,0.01260,0.05124,0.05393,0.04682,0.01188
Bacteria,Bacillota_F,Halanaerobiia,Halobacteroidales,NR,0.00917,NR,0.00397,NR,NR,NR,NR
Bacteria,Bacteroidota,Bacteroidia,Chitinophagales,NR,0.02788,NR,0.01396,NR,NR,NR,NR
Bacteria,Bacteroidota,Bacteroidia,Cytophagales,NR,NR,NR,0.07789,NR,NR,NR,NR
Bacteria,Bacteroidota,Bacteroidia,Cytophagales_A,NR,NR,NR,0.00150,NR,NR,NR,NR
Bacteria,Bacteroidota,Bacteroidia,Flavobacteriales_B,NR,NR,NR,0.00035,NR,NR,NR,NR
Bacteria,Chloroflexota,Ktedonobacteria,Ktedonobacterales,NR,NR,NR,NR,NR,NR,0.00699,NR
Bacteria,Deinococcota,Deinococci,Deinococcales,0.13266,0.11515,0.08989,0.09834,0.11379,NR,0.09083,0.07122
Bacteria,Elusimicrobiota,Unclassified,Unclassified,NR,NR,NR,0.00059,NR,NR,NR,NR
Bacteria,Nitrospirota_A,Leptospirillia,Leptospirillales,0.00002,NR,NR,NR,NR,0.00005,0.00003,NR
Bacteria,Poribacteria,Unclassified,Unclassified,NR,NR,NR,NR,NR,NR,0.00138,NR
Bacteria,Pseudomonadota,Alphaproteobacteria,Acetobacterales,0.20857,0.18853,NR,0.21936,0.19075,0.29816,0.24012,NR
Bacteria,Pseudomonadota,Alphaproteobacteria,Caulobacterales,0.53066,1.09842,0.96814,1.34800,0.46151,2.10655,0.26113,0.24241
Bacteria,Pseudomonadota,Alphaproteobacteria,Parvibaculales,NR,0.21009,NR,NR,0.16015,NR,NR,NR
Bacteria,Pseudomonadota,Alphaproteobacteria,Parvularculales,NR,0.04250,NR,NR,0.02922,NR,NR,NR
Bacteria,Pseudomonadota,Alphaproteobacteria,Reyranellales,NR,0.01377,NR,0.00816,NR,NR,NR,NR
Bacteria,Pseudomonadota,Alphaproteobacteria,Rhizobiales,2.55138,2.32447,NR,2.97454,2.07238,NR,NR,NR
Bacteria,Pseudomonadota,Alphaproteobacteria,Sphingomonadales,0.51455,0.49919,0.38151,0.76220,0.31761,0.60781,0.24024,0.28843
Bacteria,Pseudomonadota,Gammaproteobacteria,Burkholderiales,NR,5.40308,NR,5.01171,5.79677,NR,NR,NR
Bacteria,Pseudomonadota,Gammaproteobacteria,Nitrosococcales,NR,0.20739,0.12958,0.21957,0.21525,0.13805,NR,NR
Bacteria,Pseudomonadota,Gammaproteobacteria,Xanthomonadales,NR,0.37709,NR,0.34177,0.30557,0.35066,NR,NR
Bacteria,Unclassified,Unclassified,Unclassified,NR,NR,NR,NR,NR,NR,0.00333,NR
Bacteria,Verrucomicrobiota,Verrucomicrobiae,Opitutales,NR,0.04694,NR,0.02728,NR,NR,NR,NR
Eukaryota,Apicomplexa,Aconoidasida,Haemosporida,NR,NR,NR,0.00080,NR,NR,NR,NR
Eukaryota,Apicomplexa,Coccidia,Eucoccidiorida,NR,0.00110,NR,0.00099,0.00099,NR,NR,NR
Eukaryota,Arthropoda,Arachnida,Ixodida,NR,NR,NR,0.00101,NR,NR,NR,NR
Eukaryota,Ascomycota,Dothideomycetes,Pleosporales,0.00110,0.00085,0.00089,0.00071,0.00220,0.00150,NR,0.00030
Eukaryota,Ascomycota,Eurotiomycetes,Eurotiales,NR,0.00969,NR,0.00840,0.01150,NR,NR,NR
Eukaryota,Ascomycota,Eurotiomycetes,Onygenales,NR,0.00235,NR,0.00149,NR,NR,NR,NR
Eukaryota,Ascomycota,Leotiomycetes,Helotiales,NR,0.00076,NR,NR,NR,NR,NR,NR
Eukaryota,Ascomycota,Sordariomycetes,Hypocreales,0.00238,0.00258,0.00194,0.00214,0.00320,NR,0.00299,0.00174
Eukaryota,Ascomycota,Sordariomycetes,Phyllachorales,NR,0.00043,NR,NR,NR,NR,0.00010,NR
Eukaryota,Basidiomycota,Exobasidiomycetes,Malasseziales,0.00044,0.00056,0.00074,0.00068,0.00055,0.00113,0.00153,0.00029
Eukaryota,Basidiomycota,Ustilaginomycetes,Ustilaginales,NR,0.00209,NR,NR,NR,NR,NR,NR
Eukaryota,Chordata,Amphibia,Anura,NR,0.00511,0.00363,0.00611,0.00425,NR,0.00729,0.00442
Eukaryota,Chordata,Aves,Galliformes,NR,0.00101,NR,NR,NR,NR,NR,NR
Eukaryota,Chordata,Aves,Passeriformes,NR,NR,NR,NR,NR,NR,0.00020,NR
Eukaryota,Chordata,Mammalia,Didelphimorphia,0.00089,0.00087,0.00051,0.00092,0.00148,NR,0.00208,NR
Eukaryota,Chordata,Mammalia,Monotremata,NR,NR,NR,NR,0.00059,NR,0.00037,0.00032
Eukaryota,Chordata,Mammalia,Perissodactyla,NR,0.00031,NR,NR,NR,NR,0.00020,NR
Eukaryota,Chordata,Mammalia,Primates,NR,0.00863,NR,NR,0.00615,NR,0.00414,NR
Eukaryota,Cnidaria,Hydrozoa,Hydroida,NR,0.00289,NR,0.00221,0.00314,NR,NR,NR
Eukaryota,Echinodermata,Echinoidea,Echinoida,NR,0.00155,NR,NR,NR,NR,NR,NR
Eukaryota,Streptophyta,Liliopsida,Poales,NR,0.00693,NR,0.00404,NR,NR,0.00386,NR
Eukaryota,Streptophyta,Unclassified,Cucurbitales,0.00002,0.00009,0.00002,NR,0.00003,0.00011,0.00002,NR
Eukaryota,Streptophyta,Unclassified,Malpighiales,0.02061,0.01931,0.01286,0.01690,0.01933,0.02100,NR,NR
Eukaryota,Streptophyta,Unclassified,Vitales,NR,0.00191,NR,0.00115,NR,NR,NR,NR
Eukaryota,Unclassified,Unclassified,Choanoflagellida,NR,NR,NR,NR,NR,NR,0.00052,NR
Eukaryota,Unclassified,Unclassified,Perkinsida,NR,0.00085,0.00032,0.00063,0.00089,NR,0.00039,0.00018
"Other
sequences",Unclassified,Unclassified,Unclassified,0.01039,0.03898,NR,NR,NR,NR,0.00256,0.01567
Viruses,Unclassified,Unclassified,Caudovirales,NR,0.08727,0.03394,0.02605,0.03753,0.03733,0.01874,0.06178
Viruses,Unclassified,Unclassified,Unclassified,0.02371,0.03340,0.01260,0.02234,0.02958,0.02011,0.01395,0.01627
